Name,Price,Image
"white soda",45,"https://dm2buy-resize-dynamic-cebdcaefgydgh6hu.z02.azurefd.net/dm2buy/X2SpCLUnEzkn.jpg?width=400&height=400"
"Red Rose cross",60,"https://dm2buy-resize-dynamic-cebdcaefgydgh6hu.z02.azurefd.net/dm2buy/izPTnPYWlKeP.jpg?width=400&height=400"
"Sun small",55,"https://dm2buy-resize-dynamic-cebdcaefgydgh6hu.z02.azurefd.net/dm2buy/rPCsJzujKiQT.jpg?width=400&height=400"
"Sun",65,"https://dm2buy-resize-dynamic-cebdcaefgydgh6hu.z02.azurefd.net/dm2buy/CGLo7oePTpvp.jpg?width=400&height=400"
"DIED* paglu",35,"https://dm2buy-resize-dynamic-cebdcaefgydgh6hu.z02.azurefd.net/dm2buy/RRlrabKR4zPc.jpg?width=400&height=400"
"Zombie cane ( 1 pc random )",35,"https://dm2buy-resize-dynamic-cebdcaefgydgh6hu.z02.azurefd.net/dm2buy/rVBFAyYwgu9W.jpg?width=400&height=400"
"5 pcs Resin charm 03",250,"https://dm2buy-resize-dynamic-cebdcaefgydgh6hu.z02.azurefd.net/dm2buy/abYQ1Hn3Fe3r.jpg?width=400&height=400"
"5 pcs resin charm 02",250,"https://dm2buy-resize-dynamic-cebdcaefgydgh6hu.z02.azurefd.net/dm2buy/7rlnLihmYJtv.jpg?width=400&height=400"
"5 pcs Resin charm 01",250,"https://dm2buy-resize-dynamic-cebdcaefgydgh6hu.z02.azurefd.net/dm2buy/wEufGJncasBW.jpg?width=400&height=400"
"Snake ring ( Adjustable )",65,"https://dm2buy-resize-dynamic-cebdcaefgydgh6hu.z02.azurefd.net/dm2buy/wW75p1EWUKqU.jpg?width=400&height=400"
"Batman ring ( Adjustable)",70,"https://dm2buy-resize-dynamic-cebdcaefgydgh6hu.z02.azurefd.net/dm2buy/kccBdSRa845i.jpg?width=400&height=400"
"Skeleton ring ( Adjustable )",65,"https://dm2buy-resize-dynamic-cebdcaefgydgh6hu.z02.azurefd.net/dm2buy/JTfgNe2EQ5g9.jpg?width=400&height=400"
"Dragon ring ( Adjustable )",65,"https://dm2buy-resize-dynamic-cebdcaefgydgh6hu.z02.azurefd.net/dm2buy/N5H26t7ZL4g4.jpg?width=400&height=400"
"Chrome Ring ( Adjustable )",70,"https://dm2buy-resize-dynamic-cebdcaefgydgh6hu.z02.azurefd.net/dm2buy/94gw3gG8rZBO.jpg?width=400&height=400"
"Brass wire 1.5 mm ( 1 meter )",85,"https://dm2buy-resize-dynamic-cebdcaefgydgh6hu.z02.azurefd.net/dm2buy/WFgtv6qbg3He.jpg?width=400&height=400"
"White transparent flower ( 5 pcs )",50,"https://dm2buy-resize-dynamic-cebdcaefgydgh6hu.z02.azurefd.net/dm2buy/QbZ7DuzPkLSM.jpg?width=400&height=400"
"Phone ( 1 )",20,"https://dm2buy-resize-dynamic-cebdcaefgydgh6hu.z02.azurefd.net/dm2buy/loeAysTp5vub.jpg?width=400&height=400"
"SOLD",25,"https://dm2buy-resize-dynamic-cebdcaefgydgh6hu.z02.azurefd.net/dm2buy/UhYzUBKu7sGb.jpg?width=400&height=400"
"Cold drink can ( 1 )",38,"https://dm2buy-resize-dynamic-cebdcaefgydgh6hu.z02.azurefd.net/dm2buy/LrTFRYLaSzVU.jpg?width=400&height=400"
"Character can ( 1 )",38,"https://dm2buy-resize-dynamic-cebdcaefgydgh6hu.z02.azurefd.net/dm2buy/7OIgJMAvBemv.jpg?width=400&height=400"
"Character cup ( 1 )",30,"https://dm2buy-resize-dynamic-cebdcaefgydgh6hu.z02.azurefd.net/dm2buy/n6LsMpI5EacJ.jpg?width=400&height=400"
"Black cherry ( 1 )",45,"https://dm2buy-resize-dynamic-cebdcaefgydgh6hu.z02.azurefd.net/dm2buy/yGR5rDr6kxV5.jpg?width=400&height=400"
"Ocean heart ( 1 pc )",85,"https://dm2buy-resize-dynamic-cebdcaefgydgh6hu.z02.azurefd.net/dm2buy/n7Avv9XZll5C.jpg?width=400&height=400"
"Red cross heart",55,"https://dm2buy-resize-dynamic-cebdcaefgydgh6hu.z02.azurefd.net/dm2buy/fsxZED3TYfM4.jpg?width=400&height=400"
"SOLD",55,"https://dm2buy-resize-dynamic-cebdcaefgydgh6hu.z02.azurefd.net/dm2buy/HQ9QbfVogfh7.jpg?width=400&height=400"
"Cross heart black",55,"https://dm2buy-resize-dynamic-cebdcaefgydgh6hu.z02.azurefd.net/dm2buy/BYT6HaOi9Kjb.jpg?width=400&height=400"
"Stainless steel swirl",75,"https://dm2buy-resize-dynamic-cebdcaefgydgh6hu.z02.azurefd.net/dm2buy/6gfOWG4cyjG8.jpg?width=400&height=400"
"Golden sun charm",95,"https://dm2buy-resize-dynamic-cebdcaefgydgh6hu.z02.azurefd.net/dm2buy/FBKG7dJCFNwl.jpg?width=400&height=400"
"Green veggie",25,"https://dm2buy-resize-dynamic-cebdcaefgydgh6hu.z02.azurefd.net/dm2buy/nin0qEjqMWym.jpg?width=400&height=400"
"SOLD",25,"https://dm2buy-resize-dynamic-cebdcaefgydgh6hu.z02.azurefd.net/dm2buy/JTdy3XSVCFGu.jpg?width=400&height=400"
"Banana",25,"https://dm2buy-resize-dynamic-cebdcaefgydgh6hu.z02.azurefd.net/dm2buy/4SfSCQn67vPF.jpg?width=400&height=400"
"SOLD",40,"https://dm2buy-resize-dynamic-cebdcaefgydgh6hu.z02.azurefd.net/dm2buy/zDPyxqkL711O.jpg?width=400&height=400"
"Pochacco milk charm",40,"https://dm2buy-resize-dynamic-cebdcaefgydgh6hu.z02.azurefd.net/dm2buy/9HtSTNmjSqaX.jpg?width=400&height=400"
"milk carton charm",35,"https://dm2buy-resize-dynamic-cebdcaefgydgh6hu.z02.azurefd.net/dm2buy/D3CavKxffLCT.jpg?width=400&height=400"
"Milk carton",35,"https://dm2buy-resize-dynamic-cebdcaefgydgh6hu.z02.azurefd.net/dm2buy/rtD9exVvFpqQ.jpg?width=400&height=400"
"SOLD",35,"https://dm2buy-resize-dynamic-cebdcaefgydgh6hu.z02.azurefd.net/dm2buy/prhz5XYDqPHn.jpg?width=400&height=400"
"Pink stone cross",70,"https://dm2buy-resize-dynamic-cebdcaefgydgh6hu.z02.azurefd.net/dm2buy/WSz4o3MBE6Bs.jpg?width=400&height=400"
"Red stone cross",70,"https://dm2buy-resize-dynamic-cebdcaefgydgh6hu.z02.azurefd.net/dm2buy/BrHhiehPD0FR.jpg?width=400&height=400"
"White stone cross",70,"https://dm2buy-resize-dynamic-cebdcaefgydgh6hu.z02.azurefd.net/dm2buy/wi2s0p6L1Hz9.jpg?width=400&height=400"
"Trident pendant charm",95,"https://dm2buy-resize-dynamic-cebdcaefgydgh6hu.z02.azurefd.net/dm2buy/dtVCi6vNXSPu.jpg?width=400&height=400"
"Pinterest wala Diamond cross",85,"https://dm2buy-resize-dynamic-cebdcaefgydgh6hu.z02.azurefd.net/dm2buy/3AcsIBKNr4EB.jpg?width=400&height=400"
"white diamond cross",85,"https://dm2buy-resize-dynamic-cebdcaefgydgh6hu.z02.azurefd.net/dm2buy/fB1IbtTOcGMm.jpg?width=400&height=400"
"Snake cross",65,"https://dm2buy-resize-dynamic-cebdcaefgydgh6hu.z02.azurefd.net/dm2buy/2cjmab4oVQMG.jpg?width=400&height=400"
"Chunky big cross",90,"https://dm2buy-resize-dynamic-cebdcaefgydgh6hu.z02.azurefd.net/dm2buy/SqQzIpEI9Wff.jpg?width=400&height=400"
"Chunky black big cross",90,"https://dm2buy-resize-dynamic-cebdcaefgydgh6hu.z02.azurefd.net/dm2buy/Nbf4IgbEcKWG.jpg?width=400&height=400"
"Cutie cross",75,"https://dm2buy-resize-dynamic-cebdcaefgydgh6hu.z02.azurefd.net/dm2buy/ZNCm8N8FpHk9.jpg?width=400&height=400"
"Butterfly insider",2,"https://dm2buy-resize-dynamic-cebdcaefgydgh6hu.z02.azurefd.net/dm2buy/D8Lx0E9Tsek3.jpg?width=400&height=400"
"Goth cross",75,"https://dm2buy-resize-dynamic-cebdcaefgydgh6hu.z02.azurefd.net/dm2buy/KCFLOQSctAj7.jpg?width=400&height=400"
"Spider 🕷️",70,"https://dm2buy-resize-dynamic-cebdcaefgydgh6hu.z02.azurefd.net/dm2buy/wKl6uxTBS4S1.jpg?width=400&height=400"
"SOLD",70,"https://dm2buy-resize-dynamic-cebdcaefgydgh6hu.z02.azurefd.net/dm2buy/llayiWq7Wnqo.jpg?width=400&height=400"
"Black Goku charm",95,"https://dm2buy-resize-dynamic-cebdcaefgydgh6hu.z02.azurefd.net/dm2buy/wyAkkiGDB9xL.jpg?width=400&height=400"
"Angel charm",95,"https://dm2buy-resize-dynamic-cebdcaefgydgh6hu.z02.azurefd.net/dm2buy/gARzovi9ZzBe.jpg?width=400&height=400"
"Goth black cross",75,"https://dm2buy-resize-dynamic-cebdcaefgydgh6hu.z02.azurefd.net/dm2buy/vzM3pNSJ7Gx6.jpg?width=400&height=400"
"Fleur-de-lis cross",65,"https://dm2buy-resize-dynamic-cebdcaefgydgh6hu.z02.azurefd.net/dm2buy/S6xMFeHhnNSk.jpg?width=400&height=400"
"Silver spider",55,"https://dm2buy-resize-dynamic-cebdcaefgydgh6hu.z02.azurefd.net/dm2buy/9nRPJaUx8yUS.jpg?width=400&height=400"
"Relic cross",75,"https://dm2buy-resize-dynamic-cebdcaefgydgh6hu.z02.azurefd.net/dm2buy/GNZR5yrtwdKA.jpg?width=400&height=400"
"Black heart cross",55,"https://dm2buy-resize-dynamic-cebdcaefgydgh6hu.z02.azurefd.net/dm2buy/CiBFbm8f9DhN.jpg?width=400&height=400"
"Flower",55,"https://dm2buy-resize-dynamic-cebdcaefgydgh6hu.z02.azurefd.net/dm2buy/FB6HMfQu2oB4.jpg?width=400&height=400"
"Skeleton cross",55,"https://dm2buy-resize-dynamic-cebdcaefgydgh6hu.z02.azurefd.net/dm2buy/c2Sd8mrc7pXp.jpg?width=400&height=400"
"SOLD",55,"https://dm2buy-resize-dynamic-cebdcaefgydgh6hu.z02.azurefd.net/dm2buy/y7wGe5OpiTvc.jpg?width=400&height=400"
"Medium size heart ( 1 )",45,"https://dm2buy-resize-dynamic-cebdcaefgydgh6hu.z02.azurefd.net/dm2buy/BBsXfFWiMG7L.jpg?width=400&height=400"
"Chhota swirly ( 1 )",38,"https://dm2buy-resize-dynamic-cebdcaefgydgh6hu.z02.azurefd.net/dm2buy/nndcLUNcVHgh.jpg?width=400&height=400"
"Burning heart ( 1 piece )",55,"https://dm2buy-resize-dynamic-cebdcaefgydgh6hu.z02.azurefd.net/dm2buy/LFALXuPv93Iu.jpg?width=400&height=400"
"little fish ( 5 pcs )",20,"https://dm2buy-resize-dynamic-cebdcaefgydgh6hu.z02.azurefd.net/dm2buy/A0fLU6AgpLZU.jpg?width=400&height=400"
"Stainless steel leaf",90,"https://dm2buy-resize-dynamic-cebdcaefgydgh6hu.z02.azurefd.net/dm2buy/MZ6YK4Asydm9.jpg?width=400&height=400"
"Stainless steel heart",95,"https://dm2buy-resize-dynamic-cebdcaefgydgh6hu.z02.azurefd.net/dm2buy/dueEXpzzJZlL.jpg?width=400&height=400"
"Mousyy ( 2 pcs )",40,"https://dm2buy-resize-dynamic-cebdcaefgydgh6hu.z02.azurefd.net/dm2buy/LhJMfokk7B4r.jpg?width=400&height=400"
"Silver snake chain ( stainless steel )",85,"https://dm2buy-resize-dynamic-cebdcaefgydgh6hu.z02.azurefd.net/dm2buy/iromHxJJxPvE.jpg?width=400&height=400"
"Golden snake chain ( stainless steel )",89,"https://dm2buy-resize-dynamic-cebdcaefgydgh6hu.z02.azurefd.net/dm2buy/PabEQjsz9HeD.jpg?width=400&height=400"
"Rope chain ( stainless steel )",65,"https://dm2buy-resize-dynamic-cebdcaefgydgh6hu.z02.azurefd.net/dm2buy/PovMg3bSIIgZ.jpg?width=400&height=400"
"Snake bone Sleek chain ( Stainless steel )",70,"https://dm2buy-resize-dynamic-cebdcaefgydgh6hu.z02.azurefd.net/dm2buy/zPpzEiU335sK.jpg?width=400&height=400"
"Box chain ( stainless steel )",68,"https://dm2buy-resize-dynamic-cebdcaefgydgh6hu.z02.azurefd.net/dm2buy/UUIfE5efKk2k.jpg?width=400&height=400"
"Heart wings ( 1 )",30,"https://dm2buy-resize-dynamic-cebdcaefgydgh6hu.z02.azurefd.net/dm2buy/kfQ2sco2Tuuf.jpg?width=400&height=400"
"SOLD",45,"https://dm2buy-resize-dynamic-cebdcaefgydgh6hu.z02.azurefd.net/dm2buy/9L9MRYgGgvRg.jpg?width=400&height=400"
"White diamond cross ( 1 )",45,"https://dm2buy-resize-dynamic-cebdcaefgydgh6hu.z02.azurefd.net/dm2buy/9yvOPDM88O6U.jpg?width=400&height=400"
"Black diamond cross ( 1 )",45,"https://dm2buy-resize-dynamic-cebdcaefgydgh6hu.z02.azurefd.net/dm2buy/kXVCihpFHJ3O.jpg?width=400&height=400"
"New gothic",60,"https://dm2buy-resize-dynamic-cebdcaefgydgh6hu.z02.azurefd.net/dm2buy/ZmKr7D0QKHQ4.jpg?width=400&height=400"
"SOLD",55,"https://dm2buy-resize-dynamic-cebdcaefgydgh6hu.z02.azurefd.net/dm2buy/DIJn2gemzvFT.jpg?width=400&height=400"
"Mofusand fruit figurine ( 1 )",450,"https://dm2buy-resize-dynamic-cebdcaefgydgh6hu.z02.azurefd.net/dm2buy/7G9UVcrYxwpe.jpg?width=400&height=400"
"Demon slayer ( 1 )",450,"https://dm2buy-resize-dynamic-cebdcaefgydgh6hu.z02.azurefd.net/dm2buy/bnxVHSJDuEid.jpg?width=400&height=400"
"Studio ghibli figurine ( 1 )",450,"https://dm2buy-resize-dynamic-cebdcaefgydgh6hu.z02.azurefd.net/dm2buy/CuCUI57xLt3I.jpg?width=400&height=400"
"Dragon figurine ( 1 )",450,"https://dm2buy-resize-dynamic-cebdcaefgydgh6hu.z02.azurefd.net/dm2buy/cEibSfhM2rWB.jpg?width=400&height=400"
"Pointed heart",35,"https://dm2buy-resize-dynamic-cebdcaefgydgh6hu.z02.azurefd.net/dm2buy/nHCAX23oPO0O.jpg?width=400&height=400"
"Black diamond cross neck piece",299,"https://dm2buy-resize-dynamic-cebdcaefgydgh6hu.z02.azurefd.net/dm2buy/ZLhrJhUgI3LN.jpg?width=400&height=400"
"Kuromi bow key",35,"https://dm2buy-resize-dynamic-cebdcaefgydgh6hu.z02.azurefd.net/dm2buy/3jBx7M8Jy1WT.jpg?width=400&height=400"
"SOLD",25,"https://dm2buy-resize-dynamic-cebdcaefgydgh6hu.z02.azurefd.net/dm2buy/4E2K9obQOL4D.jpg?width=400&height=400"
"SOLD",50,"https://dm2buy-resize-dynamic-cebdcaefgydgh6hu.z02.azurefd.net/dm2buy/qb0YyVXJfVUJ.jpg?width=400&height=400"
"SOLD",50,"https://dm2buy-resize-dynamic-cebdcaefgydgh6hu.z02.azurefd.net/dm2buy/wDbBV7VNlqRU.jpg?width=400&height=400"
"SOLD",45,"https://dm2buy-resize-dynamic-cebdcaefgydgh6hu.z02.azurefd.net/dm2buy/BKnQ6VENtIek.jpg?width=400&height=400"
"SOLD",150,"https://dm2buy-resize-dynamic-cebdcaefgydgh6hu.z02.azurefd.net/dm2buy/v34CBvojpJYL.jpg?width=400&height=400"
"Heart beads ( 1 )",25,"https://dm2buy-resize-dynamic-cebdcaefgydgh6hu.z02.azurefd.net/dm2buy/r3p6IH9BqAsk.jpg?width=400&height=400"
"Steel flower ( 1 )",85,"https://dm2buy-resize-dynamic-cebdcaefgydgh6hu.z02.azurefd.net/dm2buy/MhCxOKtXvEYp.jpg?width=400&height=400"
"SOLD",95,"https://dm2buy-resize-dynamic-cebdcaefgydgh6hu.z02.azurefd.net/dm2buy/RuLI74chBqIr.jpg?width=400&height=400"
"Steel flower ( 1 )",85,"https://dm2buy-resize-dynamic-cebdcaefgydgh6hu.z02.azurefd.net/dm2buy/xaT4o8WgSgnT.jpg?width=400&height=400"
"SOLD",85,"https://dm2buy-resize-dynamic-cebdcaefgydgh6hu.z02.azurefd.net/dm2buy/YvmwAm1XRHIy.jpg?width=400&height=400"
"SOLD",85,"https://dm2buy-resize-dynamic-cebdcaefgydgh6hu.z02.azurefd.net/dm2buy/VaKBMaPeaFA1.jpg?width=400&height=400"
"SOLD",50,"https://dm2buy-resize-dynamic-cebdcaefgydgh6hu.z02.azurefd.net/dm2buy/GqLfK8hwCbOB.jpg?width=400&height=400"
"Heart lock ( 1 piece )",40,"https://dm2buy-resize-dynamic-cebdcaefgydgh6hu.z02.azurefd.net/dm2buy/GXCEbTHe1mwV.jpg?width=400&height=400"
"Rope heart ( 1 )",38,"https://dm2buy-resize-dynamic-cebdcaefgydgh6hu.z02.azurefd.net/dm2buy/7cg7GVfeYJ7j.jpg?width=400&height=400"
"SOLD",45,"https://dm2buy-resize-dynamic-cebdcaefgydgh6hu.z02.azurefd.net/dm2buy/tOo6oHHCdU2T.jpg?width=400&height=400"
"Bowy",25,"https://dm2buy-resize-dynamic-cebdcaefgydgh6hu.z02.azurefd.net/dm2buy/Ku0tBKxrpvM8.jpg?width=400&height=400"
"Ek baadal ( cloud charm 1 pc )",10,"https://dm2buy-resize-dynamic-cebdcaefgydgh6hu.z02.azurefd.net/dm2buy/cQZ1bc3imzQy.jpg?width=400&height=400"
"Flower pendant ( 1 )",24,"https://dm2buy-resize-dynamic-cebdcaefgydgh6hu.z02.azurefd.net/dm2buy/Tng14b27CsNE.jpg?width=400&height=400"
"Bat ( 1 )",30,"https://dm2buy-resize-dynamic-cebdcaefgydgh6hu.z02.azurefd.net/dm2buy/smIxsfmxLTcT.jpg?width=400&height=400"
"Kitty ( 1 )",15,"https://dm2buy-resize-dynamic-cebdcaefgydgh6hu.z02.azurefd.net/dm2buy/No7EBGavm99A.jpg?width=400&height=400"
"Heart link ( 1 )",8,"https://dm2buy-resize-dynamic-cebdcaefgydgh6hu.z02.azurefd.net/dm2buy/jBdlN8tRb5Jf.jpg?width=400&height=400"
"Swirl beads ( 3 )",24,"https://dm2buy-resize-dynamic-cebdcaefgydgh6hu.z02.azurefd.net/dm2buy/kXMU6wSdQjen.jpg?width=400&height=400"
"leaves 🍃 ( 10 pcs )",25,"https://dm2buy-resize-dynamic-cebdcaefgydgh6hu.z02.azurefd.net/dm2buy/DK2nm0yvDSL4.jpg?width=400&height=400"
"Not FAT but CUTE kawaiiii",35,"https://dm2buy-resize-dynamic-cebdcaefgydgh6hu.z02.azurefd.net/dm2buy/o7UpUR6RTLhN.jpg?width=400&height=400"
"FLOWER nahi FIRE hain ( 1 piece )",30,"https://dm2buy-resize-dynamic-cebdcaefgydgh6hu.z02.azurefd.net/dm2buy/hjodIoBpt8fX.jpg?width=400&height=400"
"Onion bro",35,"https://dm2buy-resize-dynamic-cebdcaefgydgh6hu.z02.azurefd.net/dm2buy/RDak2wbTuLvl.jpg?width=400&height=400"
"SOLD",35,"https://dm2buy-resize-dynamic-cebdcaefgydgh6hu.z02.azurefd.net/dm2buy/YUyUS7yD3ugR.jpg?width=400&height=400"
"FINE Bread",35,"https://dm2buy-resize-dynamic-cebdcaefgydgh6hu.z02.azurefd.net/dm2buy/lnvjDx69x3dW.jpg?width=400&height=400"
"Cookie ✌🏻",35,"https://dm2buy-resize-dynamic-cebdcaefgydgh6hu.z02.azurefd.net/dm2buy/Eg3jL6IGHQgm.jpg?width=400&height=400"
"Food plate",35,"https://dm2buy-resize-dynamic-cebdcaefgydgh6hu.z02.azurefd.net/dm2buy/U115q0ACr0mn.jpg?width=400&height=400"
"Big mouth",35,"https://dm2buy-resize-dynamic-cebdcaefgydgh6hu.z02.azurefd.net/dm2buy/dm2image1743273435884.jpg?width=400&height=400"
"tulips pair blue ( 1 piece )",24,"https://dm2buy-resize-dynamic-cebdcaefgydgh6hu.z02.azurefd.net/dm2buy/iDa6f26V3AjE.jpg?width=400&height=400"
"SOLD",12,"https://dm2buy-resize-dynamic-cebdcaefgydgh6hu.z02.azurefd.net/dm2buy/4Fe8Km6ZJpa2.jpg?width=400&height=400"
"Kitty ( 1 )",25,"https://dm2buy-resize-dynamic-cebdcaefgydgh6hu.z02.azurefd.net/dm2buy/bn5efwsE9e4t.jpg?width=400&height=400"
"Froggy",25,"https://dm2buy-resize-dynamic-cebdcaefgydgh6hu.z02.azurefd.net/dm2buy/hzHvUoEfCFXe.jpg?width=400&height=400"
"SOLD",25,"https://dm2buy-resize-dynamic-cebdcaefgydgh6hu.z02.azurefd.net/dm2buy/M2h2hJ1y8uFW.jpg?width=400&height=400"
"Keychain clasp ( 1 )",30,"https://dm2buy-resize-dynamic-cebdcaefgydgh6hu.z02.azurefd.net/dm2buy/3j9dCmPAKt73.jpg?width=400&height=400"
"Keychain black ( 1 )",40,"https://dm2buy-resize-dynamic-cebdcaefgydgh6hu.z02.azurefd.net/dm2buy/6WDJskezpaPV.jpg?width=400&height=400"
"Keychain clasp ( 1 )",38,"https://dm2buy-resize-dynamic-cebdcaefgydgh6hu.z02.azurefd.net/dm2buy/Ox7qeF2XngZL.jpg?width=400&height=400"
"SOLD",30,"https://dm2buy-resize-dynamic-cebdcaefgydgh6hu.z02.azurefd.net/dm2buy/cwEaDgDx5mPa.jpg?width=400&height=400"
"SOLD",30,"https://dm2buy-resize-dynamic-cebdcaefgydgh6hu.z02.azurefd.net/dm2buy/DqzhGCBsmb6l.jpg?width=400&height=400"
"SOLD",5060,"https://dm2buy-resize-dynamic-cebdcaefgydgh6hu.z02.azurefd.net/dm2buy/sIgwZYL3Ulxe.jpg?width=400&height=400"
"8mm marble pink print",5060,"https://dm2buy-resize-dynamic-cebdcaefgydgh6hu.z02.azurefd.net/dm2buy/dm2image1718705127865.jpg?width=400&height=400"
"8mm marble red print",5060,"https://dm2buy-resize-dynamic-cebdcaefgydgh6hu.z02.azurefd.net/dm2buy/dm2image1718705211018.jpg?width=400&height=400"
"8mm printed marble orange black",5060,"https://dm2buy-resize-dynamic-cebdcaefgydgh6hu.z02.azurefd.net/dm2buy/dm2image1718705084858.jpg?width=400&height=400"
"8mm purple marble printed",5060,"https://dm2buy-resize-dynamic-cebdcaefgydgh6hu.z02.azurefd.net/dm2buy/dm2image1718705320469.jpg?width=400&height=400"
"8mm Printed white",5050,"https://dm2buy-resize-dynamic-cebdcaefgydgh6hu.z02.azurefd.net/dm2buy/lXCgKSOZqKmu.jpg?width=400&height=400"
"Double shaded pink",5065,"https://dm2buy-resize-dynamic-cebdcaefgydgh6hu.z02.azurefd.net/dm2buy/JDGq4S7fgHwv.jpg?width=400&height=400"
"Double shaded yellow",50,"https://dm2buy-resize-dynamic-cebdcaefgydgh6hu.z02.azurefd.net/dm2buy/NCs04wtaTDLs.jpg?width=400&height=400"
"Double shaded red",5065,"https://dm2buy-resize-dynamic-cebdcaefgydgh6hu.z02.azurefd.net/dm2buy/sUWWncLlWNFR.jpg?width=400&height=400"
"Double shaded peach",5065,"https://dm2buy-resize-dynamic-cebdcaefgydgh6hu.z02.azurefd.net/dm2buy/XHAfc6LlFeXz.jpg?width=400&height=400"
"SOLD",3540,"https://dm2buy-resize-dynamic-cebdcaefgydgh6hu.z02.azurefd.net/dm2buy/dm2image1717260107389.jpg?width=400&height=400"
"8mm glass light green",3550,"https://dm2buy-resize-dynamic-cebdcaefgydgh6hu.z02.azurefd.net/dm2buy/ghoZLm4XUBUZ.jpg?width=400&height=400"
"8mm Yellow",3850,"https://dm2buy-resize-dynamic-cebdcaefgydgh6hu.z02.azurefd.net/dm2buy/QlRb7sCBmTg5.jpg?width=400&height=400"
"8mm purple 💜",3850,"https://dm2buy-resize-dynamic-cebdcaefgydgh6hu.z02.azurefd.net/dm2buy/dm2image1715008679189.jpg?width=400&height=400"
"8mm Pale lavender",4050,"https://dm2buy-resize-dynamic-cebdcaefgydgh6hu.z02.azurefd.net/dm2buy/bUS9kJqL8tof.jpg?width=400&height=400"
"8mm Light Glass Orange",4050,"https://dm2buy-resize-dynamic-cebdcaefgydgh6hu.z02.azurefd.net/dm2buy/fABZ2YSYD1s0.jpg?width=400&height=400"
"8mm glass Blue",3550,"https://dm2buy-resize-dynamic-cebdcaefgydgh6hu.z02.azurefd.net/dm2buy/dm2image1713548352963.jpg?width=400&height=400"
"SOLD",3550,"https://dm2buy-resize-dynamic-cebdcaefgydgh6hu.z02.azurefd.net/dm2buy/dm2image1718704596368.jpg?width=400&height=400"
"8mm Glass pink",4050,"https://dm2buy-resize-dynamic-cebdcaefgydgh6hu.z02.azurefd.net/dm2buy/dm2image1717259911595.jpg?width=400&height=400"
"8mm Red",3855,"https://dm2buy-resize-dynamic-cebdcaefgydgh6hu.z02.azurefd.net/dm2buy/dm2image1711796925708.jpg?width=400&height=400"
"SOLD",18,"https://dm2buy-resize-dynamic-cebdcaefgydgh6hu.z02.azurefd.net/dm2buy/fqZ697nqZQjH.jpg?width=400&height=400"
"Black skeleton ( 1 )",18,"https://dm2buy-resize-dynamic-cebdcaefgydgh6hu.z02.azurefd.net/dm2buy/YIiNx2HwfVqF.jpg?width=400&height=400"
"white skeleton ( 1 )",18,"https://dm2buy-resize-dynamic-cebdcaefgydgh6hu.z02.azurefd.net/dm2buy/CK9nOwqOY1Bh.jpg?width=400&height=400"
"SOLD",50,"https://dm2buy-resize-dynamic-cebdcaefgydgh6hu.z02.azurefd.net/dm2buy/qAEG6LO7y1KX.jpg?width=400&height=400"
"mix Lilly flowers ( 5 pieces )",35,"https://dm2buy-resize-dynamic-cebdcaefgydgh6hu.z02.azurefd.net/dm2buy/zoDJtqUyjDPa.jpg?width=400&height=400"
"Transparent hollow heart ( 5 piece )",25,"https://dm2buy-resize-dynamic-cebdcaefgydgh6hu.z02.azurefd.net/dm2buy/tXEa29mhHjWX.jpg?width=400&height=400"
"Pink hollow heart ( 5 piece )",25,"https://dm2buy-resize-dynamic-cebdcaefgydgh6hu.z02.azurefd.net/dm2buy/4RMItmhXvao9.jpg?width=400&height=400"
"silver bow",18,"https://dm2buy-resize-dynamic-cebdcaefgydgh6hu.z02.azurefd.net/dm2buy/HZNmOhwozPfG.jpg?width=400&height=400"
"Mystery box combo pack",1299,"https://dm2buy-resize-dynamic-cebdcaefgydgh6hu.z02.azurefd.net/dm2buy/OjpQ4ocfdRnI.jpg?width=400&height=400"
"SOLD",7,"https://dm2buy-resize-dynamic-cebdcaefgydgh6hu.z02.azurefd.net/dm2buy/QDdQZSoRu2VA.jpg?width=400&height=400"
"Holographic hearts ( 5pcs )",35,"https://dm2buy-resize-dynamic-cebdcaefgydgh6hu.z02.azurefd.net/dm2buy/ScfzkL5aZJXk.jpg?width=400&height=400"
"Holographic spikes ( 5 pcs )",15,"https://dm2buy-resize-dynamic-cebdcaefgydgh6hu.z02.azurefd.net/dm2buy/5tNpcJIUvwxM.jpg?width=400&height=400"
"Double shaded light blue",50,"https://dm2buy-resize-dynamic-cebdcaefgydgh6hu.z02.azurefd.net/dm2buy/mHZaqP2sh70I.jpg?width=400&height=400"
"SOLD",50,"https://dm2buy-resize-dynamic-cebdcaefgydgh6hu.z02.azurefd.net/dm2buy/G977hrHwZui9.jpg?width=400&height=400"
"mix semi precious agate",120,"https://dm2buy-resize-dynamic-cebdcaefgydgh6hu.z02.azurefd.net/dm2buy/mbc8ApoYTjfb.jpg?width=400&height=400"
"SOLD",110,"https://dm2buy-resize-dynamic-cebdcaefgydgh6hu.z02.azurefd.net/dm2buy/hrRAH7ErNxag.jpg?width=400&height=400"
"SOLD",120,"https://dm2buy-resize-dynamic-cebdcaefgydgh6hu.z02.azurefd.net/dm2buy/JPxsb8Y0YBuA.jpg?width=400&height=400"
"Mix hearts ( 30 gm )",45,"https://dm2buy-resize-dynamic-cebdcaefgydgh6hu.z02.azurefd.net/dm2buy/N11b8bOVRXeW.jpg?width=400&height=400"
"alphabet white ( 30 gm )",50,"https://dm2buy-resize-dynamic-cebdcaefgydgh6hu.z02.azurefd.net/dm2buy/dm2image1713355273918.jpg?width=400&height=400"
"Colourful alphabets ( 30gm )",50,"https://dm2buy-resize-dynamic-cebdcaefgydgh6hu.z02.azurefd.net/dm2buy/nIE8CSvDRy0c.jpg?width=400&height=400"
"lavendar tulips pair ( leaf and flower )",24,"https://dm2buy-resize-dynamic-cebdcaefgydgh6hu.z02.azurefd.net/dm2buy/iMiGB6Xz6q3i.jpg?width=400&height=400"
"pink tulip",24,"https://dm2buy-resize-dynamic-cebdcaefgydgh6hu.z02.azurefd.net/dm2buy/5lcMTIAkKbdG.jpg?width=400&height=400"
"SOLD",45,"https://dm2buy-resize-dynamic-cebdcaefgydgh6hu.z02.azurefd.net/dm2buy/RfALVwuctChs.jpg?width=400&height=400"
"Bow slider ( 2 piece )",24,"https://dm2buy-resize-dynamic-cebdcaefgydgh6hu.z02.azurefd.net/dm2buy/cEV5G0F9MHa9.jpg?width=400&height=400"
"SOLD",25,"https://dm2buy-resize-dynamic-cebdcaefgydgh6hu.z02.azurefd.net/dm2buy/Htuhjo5aPxCO.jpg?width=400&height=400"
"SOLD",50,"https://dm2buy-resize-dynamic-cebdcaefgydgh6hu.z02.azurefd.net/dm2buy/8tFQ8beQYMJN.jpg?width=400&height=400"
"Black heart beads ( 30gm )",40,"https://dm2buy-resize-dynamic-cebdcaefgydgh6hu.z02.azurefd.net/dm2buy/AldXX9vzw4aH.jpg?width=400&height=400"
"Bow keychain clasp ( 1 piece )",55,"https://dm2buy-resize-dynamic-cebdcaefgydgh6hu.z02.azurefd.net/dm2buy/1fkwyHoqCxY7.jpg?width=400&height=400"
"Mini heart pair ( 2 pieces )",12,"https://dm2buy-resize-dynamic-cebdcaefgydgh6hu.z02.azurefd.net/dm2buy/dm2image1715333657223.jpg?width=400&height=400"
"White stone heart",60,"https://dm2buy-resize-dynamic-cebdcaefgydgh6hu.z02.azurefd.net/dm2buy/dm2image1716401555950.jpg?width=400&height=400"
"white spider charm ( 1 piece )",25,"https://dm2buy-resize-dynamic-cebdcaefgydgh6hu.z02.azurefd.net/dm2buy/tSB8921PGwI7.jpg?width=400&height=400"
"SOLD",55,"https://dm2buy-resize-dynamic-cebdcaefgydgh6hu.z02.azurefd.net/dm2buy/IU3xISZid2j0.jpg?width=400&height=400"
"SOLD",30,"https://dm2buy-resize-dynamic-cebdcaefgydgh6hu.z02.azurefd.net/dm2buy/qMFo9e41KByg.jpg?width=400&height=400"
"Bottle charm ( 1 )",38,"https://dm2buy-resize-dynamic-cebdcaefgydgh6hu.z02.azurefd.net/dm2buy/ANrM3vP4slEV.jpg?width=400&height=400"
"SOLD",55,"https://dm2buy-resize-dynamic-cebdcaefgydgh6hu.z02.azurefd.net/dm2buy/KrOIC7w3RWry.jpg?width=400&height=400"
"Starbucks coffee charm ( 1 )",45,"https://dm2buy-resize-dynamic-cebdcaefgydgh6hu.z02.azurefd.net/dm2buy/1H9COUTeYCFg.jpg?width=400&height=400"
"SOLD",16,"https://dm2buy-resize-dynamic-cebdcaefgydgh6hu.z02.azurefd.net/dm2buy/bSCQtdZjylTI.jpg?width=400&height=400"
"Matte new",50,"https://dm2buy-resize-dynamic-cebdcaefgydgh6hu.z02.azurefd.net/dm2buy/4E9l7nGLnJGB.jpg?width=400&height=400"
"Holographic heart ( 1 )",45,"https://dm2buy-resize-dynamic-cebdcaefgydgh6hu.z02.azurefd.net/dm2buy/M0Nyfc9DzzVz.jpg?width=400&height=400"
"Ccb mini star ( 5pcs )",10,"https://dm2buy-resize-dynamic-cebdcaefgydgh6hu.z02.azurefd.net/dm2buy/nx1oYewuQ5Pi.jpg?width=400&height=400"
"SOLD",35,"https://dm2buy-resize-dynamic-cebdcaefgydgh6hu.z02.azurefd.net/dm2buy/dm2image1714297278242.jpg?width=400&height=400"
"Purple bow ( 2 piece )",16,"https://dm2buy-resize-dynamic-cebdcaefgydgh6hu.z02.azurefd.net/dm2buy/UPTN7WPFvKWI.jpg?width=400&height=400"
"Heart photo frame ( 1 )",40,"https://dm2buy-resize-dynamic-cebdcaefgydgh6hu.z02.azurefd.net/dm2buy/rnZCqyLzNHSk.jpg?width=400&height=400"
"Heart beads ( 10 )",20,"https://dm2buy-resize-dynamic-cebdcaefgydgh6hu.z02.azurefd.net/dm2buy/AfGrfOmvker9.jpg?width=400&height=400"
"Swirl charm ( 1 piece )",8,"https://dm2buy-resize-dynamic-cebdcaefgydgh6hu.z02.azurefd.net/dm2buy/bqKoion9UjvL.jpg?width=400&height=400"
"4 mm crystal blue",40,"https://dm2buy-resize-dynamic-cebdcaefgydgh6hu.z02.azurefd.net/dm2buy/dm2image1713547954191.jpg?width=400&height=400"
"Translucent leaf ( 5 pcs )",25,"https://dm2buy-resize-dynamic-cebdcaefgydgh6hu.z02.azurefd.net/dm2buy/y8QuyQ8aS7F6.jpg?width=400&height=400"
"SOLD",60,"https://dm2buy-resize-dynamic-cebdcaefgydgh6hu.z02.azurefd.net/dm2buy/dm2image1716044581254.jpg?width=400&height=400"
"SOLD",23,"https://dm2buy-resize-dynamic-cebdcaefgydgh6hu.z02.azurefd.net/dm2buy/dKRLQrs6ODu2.jpg?width=400&height=400"
"8mm Transparent",4055,"https://dm2buy-resize-dynamic-cebdcaefgydgh6hu.z02.azurefd.net/dm2buy/6eBwCwv9je3L.jpg?width=400&height=400"
"6mm Pearl string",35,"https://dm2buy-resize-dynamic-cebdcaefgydgh6hu.z02.azurefd.net/dm2buy/dm2image1715006315735.jpg?width=400&height=400"
"spider charm",20,"https://dm2buy-resize-dynamic-cebdcaefgydgh6hu.z02.azurefd.net/dm2buy/dm2image1713356573090.jpg?width=400&height=400"
"Ninja hoops ( Anti tarnish , 1 pair )",45,"https://dm2buy-resize-dynamic-cebdcaefgydgh6hu.z02.azurefd.net/dm2buy/NrZF0301Kslq.jpg?width=400&height=400"
"Big Flower pendant bead",35,"https://dm2buy-resize-dynamic-cebdcaefgydgh6hu.z02.azurefd.net/dm2buy/ipOCbFywUAjB.jpg?width=400&height=400"
"SOLD",45,"https://dm2buy-resize-dynamic-cebdcaefgydgh6hu.z02.azurefd.net/dm2buy/osnUfDh8Y8R0.jpg?width=400&height=400"
"SOLD",70,"https://dm2buy-resize-dynamic-cebdcaefgydgh6hu.z02.azurefd.net/dm2buy/hfBaF7ZlgC9O.jpg?width=400&height=400"
"8mm pearl string",45,"https://dm2buy-resize-dynamic-cebdcaefgydgh6hu.z02.azurefd.net/dm2buy/pABjAEeaLVBz.jpg?width=400&height=400"
